Title,Price,Link
"Quần Jogger Nam, Quần Dài Thể Thao Nam Chất Thun Đẹp Co Giãn Tốt",149.000 ₫,https://tiki.vn/quan-jogger-nam-quan-dai-the-thao-nam-chat-thun-dep-co-gian-tot-p134396340.html?spid=134396346
Quần Nam Quần Đũi Dài Nam Ống Suông Form Slimfit Dáng Âu,49.000 ₫,https://tiki.vn/quan-nam-quan-dui-dai-nam-ong-suong-form-slimfit-dang-au-p122069831.html?spid=158800509
Quần Jogger Thể Thao Nam Trơn Chất Gió Dù Mềm Mịn,49.000 ₫,https://tiki.vn/quan-jogger-the-thao-nam-tron-chat-gio-du-mem-min-p82528842.html?spid=158793419
Quần Jogger Nam Thun Nỉ Ống Bó Có Big Size,38.000 ₫,https://tiki.vn/quan-jogger-ni-nam-tron-p29115771.html?spid=148337823
Quần Jogger Nam Kaki Thời Trang 4 Màu Phong Cách Thể Thao Vicero,144.000 ₫,https://tiki.vn/quan-jogger-nam-kaki-thoi-trang-4-mau-phong-cach-the-thao-vicero-p81602950.html?spid=81602960
Quần Nam Quần Đũi Dài Nam Ống Suông Form Slimfit Dáng Âu,79.000 ₫,https://tiki.vn/quan-nam-quan-dui-dai-nam-ong-suong-form-slimfit-dang-au-p141959880.html?spid=141960028
Quần Jogger Kaki Nam Dáng Hàn Siêu Đẹp,85.000 ₫,https://tiki.vn/quan-jogger-kaki-nam-dang-han-sieu-dep-p117599354.html?spid=164967188
Quần Túi Hộp Tháo Ống Us Army U880 Chuyên Phượt Chất Vải Gió Cao Cấp Mau Khô Ống Có Thể Tháo Rời Làm Quần Short -Hàng Chính Hãng,359.000 ₫,https://tiki.vn/quan-tui-hop-thao-ong-us-army-u880-chuyen-phuot-chat-vai-gio-cao-cap-mau-kho-ong-co-the-thao-roi-lam-quan-short-hang-chinh-hang-p111972654.html?spid=111972658
"Quần Jogger Nam Túi Hộp K41 Chất Kaki Mềm Mịn, Phong Cách Đường Phố",165.000 ₫,https://tiki.vn/quan-jogger-nam-tui-hop-k41-chat-kaki-mem-min-phong-cach-duong-pho-p85256178.html?spid=85256204
Quần Jogger Kaki Nam,70.900 ₫,https://tiki.vn/quan-jogger-kaki-nam-p49268988.html?spid=58571864
Quần Jogger Kaki The 1992 Basic 5 Màu Trơn,147.000 ₫,https://tiki.vn/quan-jogger-kaki-the-1992-basic-5-mau-tron-p127776330.html?spid=127776356
"Quần Đũi Thái,Quần Đũi Dài Nam Cạp Thun Siêu Đẹp",49.000 ₫,https://tiki.vn/quan-dui-thai-quan-dui-dai-nam-cap-thun-sieu-dep-p122069534.html?spid=158797099
Quần Thể Thao Nam -Quần Jogger Nam Chất Umi Loại 1 Da Cao Cấp,79.000 ₫,https://tiki.vn/quan-the-thao-nam-quan-jogger-nam-chat-umi-loai-1-da-cao-cap-p141982305.html?spid=155042658
Quần Thun Đen Ống Rộng Nam Phong Cách Hàn Quốc - Vải Co Giãn Tốt,219.700 ₫,https://tiki.vn/product-p91007411.html?spid=145781516
Quần Thể Thao Nam 3 Sọc- Quần Jogger Nam Chất Umi Nhẹ Co Dãn,134.000 ₫,https://tiki.vn/quan-the-thao-nam-3-soc-quan-jogger-nam-chat-umi-nhe-co-dan-p143833523.html?spid=143834245
"Quần Thể Thao Jogger Nam 5S (5 Màu), Chất Vải Gió Cao Cấp, Siêu Nhẹ, Chống Nhăn, Giữ Ấm Tốt (Qgd21014)",219.000 ₫,https://tiki.vn/quan-the-thao-jogger-nam-5s-5-mau-chat-vai-gio-cao-cap-sieu-nhe-chong-nhan-giu-am-tot-qgd21014-p128939142.html?spid=128939148
Quần Jogger 1 Sọc - Quần 1 Line Bo Nỉ Thun Nam Nữ Phong Cách Hàn Quốc Vải Dày Mịn Unisex,39.000 ₫,https://tiki.vn/quan-jogger-1-soc-quan-1-line-bo-ni-thun-nam-nu-phong-cach-han-quoc-vai-day-min-unisex-p39158901.html?spid=158793913
Quần Nam Trơn Bo Gấu Basic Phối Dây Rút Phong Cách Trẻ Trung Thời Trang Zenkonu Quan Nam 1000067V1,59.000 ₫,https://tiki.vn/quan-nam-tron-bo-gau-basic-phoi-day-rut-phong-cach-tre-trung-thoi-trang-zenkonu-quan-nam-1000067v1-p111667836.html?spid=111668151
Quần Jogger Thể Thao Quần Tập Gym Nam 3 Sọc Dài Q-01,69.000 ₫,https://tiki.vn/quan-jogger-the-thao-quan-tap-gym-nam-3-soc-dai-q-01-p67656086.html?spid=71514516
"Quần Âu Nam Kojiba Chất Liệu Cao Cấp Kiểu Dáng Công Sở, Quần Tây Nam Dáng Ôm Co Vải Giãn Nhẹ",109.000 ₫,https://tiki.vn/quan-au-nam-kojiba-chat-lieu-cao-cap-kieu-dang-cong-so-tre-trung-p11531573.html?spid=11531597
"Quần Short Gió Thể Thao Nam 5S (Qsg002S1-02) Trẻ Trung, Năng Động, Nam Tính",169.000 ₫,https://tiki.vn/quan-short-gio-the-thao-nam-5s-qsg002s1-02-tre-trung-nang-dong-nam-tinh-p67185999.html?spid=67186001
"Quần Jogger Nam Túi Hộp Chất Kaki Mềm Mịn, Phong Cách Đường Phố",127.000 ₫,https://tiki.vn/quan-jogger-nam-tui-hop-chat-kaki-mem-min-phong-cach-duong-pho-p81964509.html?spid=108020516
"QuầN ĐùI Short Gió Nam Thể Thao Basic Trẻ Trung Năng ĐộNg, ThoáNg MáT Co GiãN 4 ChiềU Mrm Manlywear",139.000 ₫,https://tiki.vn/qua-n-du-i-short-gio-nam-the-thao-basic-tre-trung-nang-do-ng-thoa-ng-ma-t-co-gia-n-4-chie-u-mrm-manlywear-p99958075.html?spid=99958147
Quần Jogger Unisex  Quần Ống Rộng- Quần Dài Thể Thao Nam Nữ Chất Vải Umi Xịn Mịn,114.000 ₫,https://tiki.vn/quan-jogger-unisex-quan-ong-rong-quan-dai-the-thao-nam-nu-chat-vai-umi-xin-min-p123926898.html?spid=123927043
Quần Jogger Vải Kaki Nam Nữ,109.000 ₫,https://tiki.vn/quan-jogger-vai-kaki-nam-nu-p98668394.html?spid=98668532
Quần Nam DàI Chất Đũi Mềm Mại,89.000 ₫,https://tiki.vn/quan-nam-da-i-chat-dui-mem-mai-p93050507.html?spid=93050689
Quần Jogger Kaki Nam Phong Cách Trẻ Trung Năng Động Thời Trang Vicero,144.000 ₫,https://tiki.vn/quan-jogger-kaki-nam-phong-cach-tre-trung-nang-dong-thoi-trang-vicero-p37580438.html?spid=37580459
Quần Jogger Nam Ống Bó Thời Trang Hàn Quốc Jogger04,49.000 ₫,https://tiki.vn/quan-jogger-nam-ong-bo-thoi-trang-han-quoc-jogger04-p13306746.html?spid=158793828
Quần Baggy Kaki Unisex N7 Basic Nam Nữ Cạp Chun Ống Rộng Phong Cách Hàn Quốc,159.000 ₫,https://tiki.vn/quan-baggy-kaki-unisex-n7-basic-nam-nu-cap-chun-ong-rong-phong-cach-han-quoc-p125916371.html?spid=125916404
"Quần Jogger Unisex Thể Thao, Quần Ống Rộng Kiểu Dáng Jogger Mặc Nhà Nam Nữ Vải Tổ Ong",72.000 ₫,https://tiki.vn/quan-jogger-unisex-the-thao-quan-ong-rong-kieu-dang-jogger-mac-nha-nam-nu-vai-to-ong-p141111076.html?spid=161248577
"Quần Jogger Nam Túi Hộp Chất Kaki Mềm Mịn, Phong Cách Đường Phố",105.000 ₫,https://tiki.vn/quan-jogger-nam-tui-hop-chat-kaki-mem-min-phong-cach-duong-pho-p82528875.html?spid=152357898
Quần Đùi Nam Mặc Ở Nhà Quần Thun Lạnh Mềm Mát Hút Mồ Hôi Tốt Size 50-80Kg,29.000 ₫,https://tiki.vn/quan-dui-nam-mac-o-nha-quan-thun-lanh-mem-mat-hut-mo-hoi-tot-size-50-80kg-p81825319.html?spid=81825422
Quần Jogger Nam Thể Thao - Quần Nỉ Nam Lót Lông Cao Cấp Chính Hãng Amalife,260.000 ₫,https://tiki.vn/quan-ni-lot-long-nam-quan-jogger-giu-nhiet-chinh-hang-amalife-p42424755.html?spid=47321083
Combo 5 QuầN ĐùI Nam Cotton MặC Nhà ThoảI MáI ThoáNg MáT Jamano- MàU NgẫU Nhiên,229.000 ₫,https://tiki.vn/combo-5-qua-n-du-i-nam-cotton-ma-c-nha-thoa-i-ma-i-thoa-ng-ma-t-jamano-ma-u-nga-u-nhien-p110709485.html?spid=110709489
Quần Short Kaki Nam Co Giãn Cao Cấp Lưng Thun Bt01,44.000 ₫,https://tiki.vn/quan-short-kaki-nam-co-gian-cao-cap-lung-thun-bt01-p32386665.html?spid=112245180
Quần Short Tây Nam Vải Âu,102.000 ₫,https://tiki.vn/quan-short-tay-nam-vai-au-p52189027.html?spid=52189029
"Quần Jogger Nam Trơn Chất Gió Dù Mềm Mịn Phối Màu Gradient, Phong Cách Đường Phố",165.000 ₫,https://tiki.vn/quan-jogger-nam-tron-chat-gio-du-mem-min-phoi-mau-gradient-phong-cach-duong-pho-p82514169.html?spid=82514179
Quần Jogger Thể Thao Nam Trơn Chất Vải Gió Mềm Mịn Mỏng,149.000 ₫,https://tiki.vn/quan-jogger-the-thao-nam-tron-chat-vai-gio-mem-min-mong-p158790654.html?spid=158790662
"Quần Jogger Kaki Kojiba Phong Cách Thể Thao, Trẻ Trung",99.000 ₫,https://tiki.vn/quan-jogger-kaki-kojiba-phong-cach-the-thao-tre-trung-p11191836.html?spid=11191838
"Quần Jocker Ống Rộng Bo Gót In Hình Heroes Có Túi Sau Sành Điệu, Quần Thun Nỉ Dài Ống Rộng Nam Phong Cách Hàn Quốc",95.000 ₫,https://tiki.vn/quan-jocker-ong-rong-bo-got-in-hinh-heroes-co-tui-sau-sanh-dieu-quan-thun-ni-dai-ong-rong-nam-phong-cach-han-quoc-p109840857.html?spid=114434889
"Quần Jogger Nam , Quần Dài Nam, Quần Nam , Quần Kaki Nam , Quần Nam 4 Khóa Chất Kaki Dày Mịn Ko Xù Ko Nhăn",88.000 ₫,https://tiki.vn/quan-jogger-nam-quan-dai-nam-quan-nam-quan-kaki-nam-quan-nam-4-khoa-chat-kaki-day-min-ko-xu-ko-nhan-p81938091.html?spid=84469464
"Quần Thun Đen Ống Rộng Nam Phong Cách Hàn Quốc , Quần Nam Thể Thao- Vải Co Giãn Tốt",125.000 ₫,https://tiki.vn/quan-thun-den-ong-rong-nam-phong-cach-han-quoc-quan-nam-the-thao-vai-co-gian-tot-p144231476.html?spid=144231560
"Set 2 QuầN ĐùI Nam, QuầN Short Gió Nam Thể Thao Basic Trẻ Trung Năng ĐộNg, ThoáNg MáT Co GiãN 4 ChiềU Mrm Manlywear",269.000 ₫,https://tiki.vn/set-2-qua-n-du-i-nam-qua-n-short-gio-nam-the-thao-basic-tre-trung-nang-do-ng-thoa-ng-ma-t-co-gia-n-4-chie-u-mrm-manlywear-p99968881.html?spid=99968931
Combo 5 Quần Đùi May 10,123.000 ₫,https://tiki.vn/combo-5-quan-dui-may-10-p67538621.html?spid=67538623
"Combo 2 QuầN ĐùI Nam, QuầN Short Gió Nam Thể Thao Họa Tiết Rằn Ri Trẻ Trung Năng ĐộNg, ThoáNg MáT Co GiãN 4 ChiềU Mrm Manlywear",249.000 ₫,https://tiki.vn/combo-2-qua-n-du-i-nam-qua-n-short-gio-nam-the-thao-hoa-tiet-ran-ri-tre-trung-nang-do-ng-thoa-ng-ma-t-co-gia-n-4-chie-u-mrm-manlywear-p154298071.html?spid=154298076
"Quần Dài Túi Hộp Nam Nữ E'Mer , Quần Suông Ống Rộng Kaki Form Rộng Unisex",179.000 ₫,https://tiki.vn/quan-dai-tui-hop-nam-nu-e-mer-quan-suong-ong-rong-kaki-form-rong-unisex-p124944273.html?spid=124944289
"Quần Đùi Nam Chất Vải Cotton Thoáng Mát,Quần Short Nam 5 Màu Form Dáng Cực Đẹp",58.000 ₫,https://tiki.vn/quan-dui-nam-chat-vai-cotton-thoang-mat-quan-short-nam-5-mau-form-dang-cuc-dep-p98165465.html?spid=125900386
Combo 2 QuầN ĐùI Nam Cotton MặC Nhà ThoảI MáI ThoáNg MáT Jamano- MàU NgẫU Nhiên,99.000 ₫,https://tiki.vn/combo-2-qua-n-du-i-nam-cotton-ma-c-nha-thoa-i-ma-i-thoa-ng-ma-t-jamano-ma-u-nga-u-nhien-p110704393.html?spid=110704395
Title,Price,Link
"Quần Jogger Nam, Quần Dài Thể Thao Nam Chất Thun Đẹp Co Giãn Tốt",149.000 ₫,https://tiki.vn/quan-jogger-nam-quan-dai-the-thao-nam-chat-thun-dep-co-gian-tot-p134396340.html?spid=134396346
Quần Nam Quần Đũi Dài Nam Ống Suông Form Slimfit Dáng Âu,49.000 ₫,https://tiki.vn/quan-nam-quan-dui-dai-nam-ong-suong-form-slimfit-dang-au-p122069831.html?spid=158800509
Quần Jogger Thể Thao Nam Trơn Chất Gió Dù Mềm Mịn,49.000 ₫,https://tiki.vn/quan-jogger-the-thao-nam-tron-chat-gio-du-mem-min-p82528842.html?spid=158793419
Quần Jogger Nam Thun Nỉ Ống Bó Có Big Size,38.000 ₫,https://tiki.vn/quan-jogger-ni-nam-tron-p29115771.html?spid=148337823
Quần Jogger Nam Kaki Thời Trang 4 Màu Phong Cách Thể Thao Vicero,144.000 ₫,https://tiki.vn/quan-jogger-nam-kaki-thoi-trang-4-mau-phong-cach-the-thao-vicero-p81602950.html?spid=81602960
Quần Nam Quần Đũi Dài Nam Ống Suông Form Slimfit Dáng Âu,79.000 ₫,https://tiki.vn/quan-nam-quan-dui-dai-nam-ong-suong-form-slimfit-dang-au-p141959880.html?spid=141960028
Quần Jogger Kaki Nam Dáng Hàn Siêu Đẹp,85.000 ₫,https://tiki.vn/quan-jogger-kaki-nam-dang-han-sieu-dep-p117599354.html?spid=164967188
Quần Túi Hộp Tháo Ống Us Army U880 Chuyên Phượt Chất Vải Gió Cao Cấp Mau Khô Ống Có Thể Tháo Rời Làm Quần Short -Hàng Chính Hãng,359.000 ₫,https://tiki.vn/quan-tui-hop-thao-ong-us-army-u880-chuyen-phuot-chat-vai-gio-cao-cap-mau-kho-ong-co-the-thao-roi-lam-quan-short-hang-chinh-hang-p111972654.html?spid=111972658
"Quần Jogger Nam Túi Hộp K41 Chất Kaki Mềm Mịn, Phong Cách Đường Phố",165.000 ₫,https://tiki.vn/quan-jogger-nam-tui-hop-k41-chat-kaki-mem-min-phong-cach-duong-pho-p85256178.html?spid=85256204
Quần Jogger Kaki Nam,70.900 ₫,https://tiki.vn/quan-jogger-kaki-nam-p49268988.html?spid=58571864
Quần Jogger Kaki The 1992 Basic 5 Màu Trơn,147.000 ₫,https://tiki.vn/quan-jogger-kaki-the-1992-basic-5-mau-tron-p127776330.html?spid=127776356
"Quần Đũi Thái,Quần Đũi Dài Nam Cạp Thun Siêu Đẹp",49.000 ₫,https://tiki.vn/quan-dui-thai-quan-dui-dai-nam-cap-thun-sieu-dep-p122069534.html?spid=158797099
Quần Thể Thao Nam -Quần Jogger Nam Chất Umi Loại 1 Da Cao Cấp,79.000 ₫,https://tiki.vn/quan-the-thao-nam-quan-jogger-nam-chat-umi-loai-1-da-cao-cap-p141982305.html?spid=155042658
Quần Thun Đen Ống Rộng Nam Phong Cách Hàn Quốc - Vải Co Giãn Tốt,219.700 ₫,https://tiki.vn/product-p91007411.html?spid=145781516
Quần Thể Thao Nam 3 Sọc- Quần Jogger Nam Chất Umi Nhẹ Co Dãn,134.000 ₫,https://tiki.vn/quan-the-thao-nam-3-soc-quan-jogger-nam-chat-umi-nhe-co-dan-p143833523.html?spid=143834245
"Quần Thể Thao Jogger Nam 5S (5 Màu), Chất Vải Gió Cao Cấp, Siêu Nhẹ, Chống Nhăn, Giữ Ấm Tốt (Qgd21014)",219.000 ₫,https://tiki.vn/quan-the-thao-jogger-nam-5s-5-mau-chat-vai-gio-cao-cap-sieu-nhe-chong-nhan-giu-am-tot-qgd21014-p128939142.html?spid=128939148
Quần Jogger 1 Sọc - Quần 1 Line Bo Nỉ Thun Nam Nữ Phong Cách Hàn Quốc Vải Dày Mịn Unisex,39.000 ₫,https://tiki.vn/quan-jogger-1-soc-quan-1-line-bo-ni-thun-nam-nu-phong-cach-han-quoc-vai-day-min-unisex-p39158901.html?spid=158793913
Quần Nam Trơn Bo Gấu Basic Phối Dây Rút Phong Cách Trẻ Trung Thời Trang Zenkonu Quan Nam 1000067V1,59.000 ₫,https://tiki.vn/quan-nam-tron-bo-gau-basic-phoi-day-rut-phong-cach-tre-trung-thoi-trang-zenkonu-quan-nam-1000067v1-p111667836.html?spid=111668151
Quần Jogger Thể Thao Quần Tập Gym Nam 3 Sọc Dài Q-01,69.000 ₫,https://tiki.vn/quan-jogger-the-thao-quan-tap-gym-nam-3-soc-dai-q-01-p67656086.html?spid=71514516
"Quần Âu Nam Kojiba Chất Liệu Cao Cấp Kiểu Dáng Công Sở, Quần Tây Nam Dáng Ôm Co Vải Giãn Nhẹ",109.000 ₫,https://tiki.vn/quan-au-nam-kojiba-chat-lieu-cao-cap-kieu-dang-cong-so-tre-trung-p11531573.html?spid=11531597
"Quần Short Gió Thể Thao Nam 5S (Qsg002S1-02) Trẻ Trung, Năng Động, Nam Tính",169.000 ₫,https://tiki.vn/quan-short-gio-the-thao-nam-5s-qsg002s1-02-tre-trung-nang-dong-nam-tinh-p67185999.html?spid=67186001
"Quần Jogger Nam Túi Hộp Chất Kaki Mềm Mịn, Phong Cách Đường Phố",127.000 ₫,https://tiki.vn/quan-jogger-nam-tui-hop-chat-kaki-mem-min-phong-cach-duong-pho-p81964509.html?spid=108020516
"QuầN ĐùI Short Gió Nam Thể Thao Basic Trẻ Trung Năng ĐộNg, ThoáNg MáT Co GiãN 4 ChiềU Mrm Manlywear",139.000 ₫,https://tiki.vn/qua-n-du-i-short-gio-nam-the-thao-basic-tre-trung-nang-do-ng-thoa-ng-ma-t-co-gia-n-4-chie-u-mrm-manlywear-p99958075.html?spid=99958147
Quần Jogger Unisex  Quần Ống Rộng- Quần Dài Thể Thao Nam Nữ Chất Vải Umi Xịn Mịn,114.000 ₫,https://tiki.vn/quan-jogger-unisex-quan-ong-rong-quan-dai-the-thao-nam-nu-chat-vai-umi-xin-min-p123926898.html?spid=123927043
Quần Jogger Vải Kaki Nam Nữ,109.000 ₫,https://tiki.vn/quan-jogger-vai-kaki-nam-nu-p98668394.html?spid=98668532
Quần Nam DàI Chất Đũi Mềm Mại,89.000 ₫,https://tiki.vn/quan-nam-da-i-chat-dui-mem-mai-p93050507.html?spid=93050689
Quần Jogger Kaki Nam Phong Cách Trẻ Trung Năng Động Thời Trang Vicero,144.000 ₫,https://tiki.vn/quan-jogger-kaki-nam-phong-cach-tre-trung-nang-dong-thoi-trang-vicero-p37580438.html?spid=37580459
Quần Jogger Nam Ống Bó Thời Trang Hàn Quốc Jogger04,49.000 ₫,https://tiki.vn/quan-jogger-nam-ong-bo-thoi-trang-han-quoc-jogger04-p13306746.html?spid=158793828
Quần Baggy Kaki Unisex N7 Basic Nam Nữ Cạp Chun Ống Rộng Phong Cách Hàn Quốc,159.000 ₫,https://tiki.vn/quan-baggy-kaki-unisex-n7-basic-nam-nu-cap-chun-ong-rong-phong-cach-han-quoc-p125916371.html?spid=125916404
"Quần Jogger Unisex Thể Thao, Quần Ống Rộng Kiểu Dáng Jogger Mặc Nhà Nam Nữ Vải Tổ Ong",72.000 ₫,https://tiki.vn/quan-jogger-unisex-the-thao-quan-ong-rong-kieu-dang-jogger-mac-nha-nam-nu-vai-to-ong-p141111076.html?spid=161248577
"Quần Jogger Nam Túi Hộp Chất Kaki Mềm Mịn, Phong Cách Đường Phố",105.000 ₫,https://tiki.vn/quan-jogger-nam-tui-hop-chat-kaki-mem-min-phong-cach-duong-pho-p82528875.html?spid=152357898
Quần Đùi Nam Mặc Ở Nhà Quần Thun Lạnh Mềm Mát Hút Mồ Hôi Tốt Size 50-80Kg,29.000 ₫,https://tiki.vn/quan-dui-nam-mac-o-nha-quan-thun-lanh-mem-mat-hut-mo-hoi-tot-size-50-80kg-p81825319.html?spid=81825422
Quần Jogger Nam Thể Thao - Quần Nỉ Nam Lót Lông Cao Cấp Chính Hãng Amalife,260.000 ₫,https://tiki.vn/quan-ni-lot-long-nam-quan-jogger-giu-nhiet-chinh-hang-amalife-p42424755.html?spid=47321083
Combo 5 QuầN ĐùI Nam Cotton MặC Nhà ThoảI MáI ThoáNg MáT Jamano- MàU NgẫU Nhiên,229.000 ₫,https://tiki.vn/combo-5-qua-n-du-i-nam-cotton-ma-c-nha-thoa-i-ma-i-thoa-ng-ma-t-jamano-ma-u-nga-u-nhien-p110709485.html?spid=110709489
Quần Short Kaki Nam Co Giãn Cao Cấp Lưng Thun Bt01,44.000 ₫,https://tiki.vn/quan-short-kaki-nam-co-gian-cao-cap-lung-thun-bt01-p32386665.html?spid=112245180
Quần Short Tây Nam Vải Âu,102.000 ₫,https://tiki.vn/quan-short-tay-nam-vai-au-p52189027.html?spid=52189029
"Quần Jogger Nam Trơn Chất Gió Dù Mềm Mịn Phối Màu Gradient, Phong Cách Đường Phố",165.000 ₫,https://tiki.vn/quan-jogger-nam-tron-chat-gio-du-mem-min-phoi-mau-gradient-phong-cach-duong-pho-p82514169.html?spid=82514179
Quần Jogger Thể Thao Nam Trơn Chất Vải Gió Mềm Mịn Mỏng,149.000 ₫,https://tiki.vn/quan-jogger-the-thao-nam-tron-chat-vai-gio-mem-min-mong-p158790654.html?spid=158790662
"Quần Jogger Kaki Kojiba Phong Cách Thể Thao, Trẻ Trung",99.000 ₫,https://tiki.vn/quan-jogger-kaki-kojiba-phong-cach-the-thao-tre-trung-p11191836.html?spid=11191838
"Quần Jocker Ống Rộng Bo Gót In Hình Heroes Có Túi Sau Sành Điệu, Quần Thun Nỉ Dài Ống Rộng Nam Phong Cách Hàn Quốc",95.000 ₫,https://tiki.vn/quan-jocker-ong-rong-bo-got-in-hinh-heroes-co-tui-sau-sanh-dieu-quan-thun-ni-dai-ong-rong-nam-phong-cach-han-quoc-p109840857.html?spid=114434889
Title,Price,Link
Quần Dài Nam Đũi Trắng Khuy Cài Khóa Kéo Chất Đẹp Duicaitrang98,49.000 ₫,https://tiki.vn/quan-dai-nam-dui-trang-khuy-cai-khoa-keo-chat-dep-duicaitrang98-p63931679.html?spid=158797151
Quần Nam Harem Ống Côn Phong Cách Hàn Quốc - T0205,250.000 ₫,https://tiki.vn/quan-nam-harem-ong-con-phong-cach-han-quoc-t0205-p157117410.html?spid=157117412
Quần Dài Tây Âu Hàn Quốc Thời Trang,99.000 ₫,https://tiki.vn/quan-dai-tay-au-han-quoc-thoi-trang-p111157236.html?spid=111157273
"Quần Jogger Nam Túi Hộp Chất Kaki Cotton Mềm Mịn, Nhiều Túi Dây Khóa Gài Màu Đen, Phong Cách Đường Phố, Hàn Quốc Jneas",185.000 ₫,https://tiki.vn/quan-jogger-nam-tui-hop-chat-kaki-cotton-mem-min-nhieu-tui-day-khoa-gai-mau-den-phong-cach-duong-pho-han-quoc-jneas-p158790391.html?spid=158790401
"Quần Jogger Nam Trơn Chất Gió Mềm Mịn Phối Màu Gradient, Phong Cách Đường Phố, Hàn Quốc",165.000 ₫,https://tiki.vn/quan-jogger-nam-tron-chat-gio-mem-min-phoi-mau-gradient-phong-cach-duong-pho-han-quoc-p158790448.html?spid=158790468
"Quần Short Thun Nam Vải Mát Lados 4053 - Chất Liệu Co Giãn, Mềm Mại",89.000 ₫,https://tiki.vn/quan-short-thun-nam-vai-mat-lados-4053-chat-lieu-co-gian-mem-mai-p153945611.html?spid=153945615
Quần Nam DàI Chất Đũi Mềm Mại,75.000 ₫,https://tiki.vn/quan-nam-da-i-chat-dui-mem-mai-p93050645.html?spid=161248749
"Quần Jogger, Quần Thể Thao Nam, Quần Nam Dài, Quần Nữ Dài, Quần Thể Thao Nam Nữ Đều Mặc Được, Quần Thun Nam Nữ, Quần Thun Dài, Quần Thể Thao Nam Nữ, Quần Jogger Nam Nữ",80.000 ₫,https://tiki.vn/quan-jogger-quan-the-thao-nam-quan-nam-dai-quan-nu-dai-quan-the-thao-nam-nu-deu-mac-duoc-quan-thun-nam-nu-quan-thun-dai-quan-the-thao-nam-nu-quan-jogger-nam-nu-p76402270.html?spid=76402274
Quần Jogger Jean Nam Mẫu Mới Phong Cách 2021,350.000 ₫,https://tiki.vn/quan-jogger-jean-nam-mau-moi-phong-cach-2021-p120342859.html?spid=120342968
"Quần Dài Jogger Nam Ống Côn Phong Cách Hàn Quốc, Chất Vải Si Gió Mềm Mịn, Cạp Chun, Thêu Logo Phong Cách",39.000 ₫,https://tiki.vn/quan-dai-jogger-nam-ong-con-phong-cach-han-quoc-chat-vai-si-gio-mem-min-cap-chun-theu-logo-phong-cach-p123137404.html?spid=158800088
Quần Đùi Thể Thao Nam - Quần Đùi Nam Ngắn 2022,68.000 ₫,https://tiki.vn/quan-dui-the-thao-nam-quan-dui-nam-ngan-2022-p160755480.html?spid=160755486
"Quần Jogger, Quần Thể Thao Nam, Quần Nam Dài, Quần Nữ Dài, Quần Thể Thao Nam Nữ Đều Mặc Được, Quần Thun Nam Nữ, Quần Thun Dài, Quần Thể Thao Nam Nữ, Quần Jogger Nam Nữ",80.000 ₫,https://tiki.vn/quan-jogger-quan-the-thao-nam-quan-nam-dai-quan-nu-dai-quan-the-thao-nam-nu-deu-mac-duoc-quan-thun-nam-nu-quan-thun-dai-quan-the-thao-nam-nu-quan-jogger-nam-nu-p76402538.html?spid=76402540
"Quần Tây Nam Đen, Quần Âu Nam Dáng Côn Hàn Quốc, Vải Không Xù, Nhăn, Loại Đẹp",80.000 ₫,https://tiki.vn/quan-tay-nam-den-quan-au-nam-dang-con-han-quoc-vai-khong-xu-nhan-loai-dep-p67905472.html?spid=107457328
Quần Nam Ống Rộng Lưng Thun Bản Lớn Chất Liệu Đũi Cao Cấp 91-123,92.000 ₫,https://tiki.vn/quan-nam-ong-rong-lung-thun-ban-lon-chat-lieu-dui-cao-cap-91-123-p20126968.html?spid=133780073
"Quần Jogger Nam Túi Hộp Chất Kaki Cotton Mềm Mịn, Phong Cách Đường Phố R3",249.000 ₫,https://tiki.vn/quan-jogger-nam-tui-hop-chat-kaki-cotton-mem-min-phong-cach-duong-pho-r3-p82528892.html?spid=82528900
Quần Nam In Chữ Có Bigsize,230.000 ₫,https://tiki.vn/quan-nam-in-chu-co-bigsize-p115733973.html?spid=115734059
"Quần Dài  Nam Mềm Mịn Asala 4  Màu Thời Thượng, Phong Cách Trẻ Trung",129.000 ₫,https://tiki.vn/quan-dai-nam-mem-min-asala-4-mau-thoi-thuong-phong-cach-tre-trung-p58460272.html?spid=58460280
"Quần Jogger, Quần Thể Thao Nam, Quần Nam Dài, Quần Nữ Dài, Quần Thể Thao Nam Nữ Đều Mặc Được, Quần Thun Nam Nữ, Quần Thun Dài, Quần Thể Thao Nam Nữ, Quần Jogger Nam Nữ",80.000 ₫,https://tiki.vn/quan-jogger-quan-the-thao-nam-quan-nam-dai-quan-nu-dai-quan-the-thao-nam-nu-deu-mac-duoc-quan-thun-nam-nu-quan-thun-dai-quan-the-thao-nam-nu-quan-jogger-nam-nu-p76399699.html?spid=76399701
"Quần Đũi Nam Dài Ống Xuông, Quần Nam Dài Cạp Chun Có Khuy Qd01",195.800 ₫,https://tiki.vn/quan-dui-nam-dai-ong-xuong-quan-nam-dai-cap-chun-co-khuy-qd01-p110640846.html?spid=107279855
"Quần Nam 3 Sọc Chất Liệu Dày Dặn, Kiểu Dáng Thể Thao, Năng Động",58.000 ₫,https://tiki.vn/quan-nam-3-soc-chat-lieu-day-dan-kieu-dang-the-thao-nang-dong-p115096048.html?spid=156352509
Quần Nam Trơn Bo Gấu Basic Phối Dây Rút Phong Cách Trẻ Trung Thời Trang Zenkonu Quan Nam 1000067,59.000 ₫,https://tiki.vn/quan-nam-tron-bo-gau-basic-phoi-day-rut-phong-cach-tre-trung-thoi-trang-zenkonu-quan-nam-1000067-p111668417.html?spid=111668962
Quần Short Unisex Nam Cotton Sv2,63.000 ₫,https://tiki.vn/quan-short-unisex-nam-cotton-sv2-p13629284.html?spid=77951116
Quần Jogger Kaki Nam Nữ Cá Tính Rằn Ri - Tck28060,97.000 ₫,https://tiki.vn/quan-jogger-kaki-nam-nu-ca-tinh-ran-ri-tck28060-p50553728.html?spid=53181933
Quần Nam Thu Đông G7017,266.000 ₫,https://tiki.vn/quan-nam-thu-dong-g7017-p4758225.html?spid=5012977
Quần Jogger Nam Lót Lông Siêu Ấm Quần Nỉ Nam Bo Gấu Cạp Chun Dây Rút Siêu Ấm Thời Trang Banamo Fashion 792,96.000 ₫,https://tiki.vn/quan-jogger-nam-lot-long-sieu-am-quan-ni-nam-bo-gau-cap-chun-day-rut-sieu-am-thoi-trang-banamo-fashion-792-p110904270.html?spid=110904306
Quần Nam Rút Gấu Họa Tiết Kẻ Caro Phong Cách Trẻ Trung Thời Trang Zenkonu Quan Nam 1000086,79.000 ₫,https://tiki.vn/quan-nam-rut-gau-hoa-tiet-ke-caro-phong-cach-tre-trung-thoi-trang-zenkonu-quan-nam-1000086-p111669753.html?spid=111671248
Quần Đùi Nam The 1992 Vải Đũi Quần Short Cộc Linen,64.000 ₫,https://tiki.vn/quan-dui-nam-the-1992-vai-dui-quan-short-coc-linen-p107363328.html?spid=107363370
"[Combo 5] Quần Đùi Nam Tập Gym, Quần Short Thể Thao Vải Thun Vnxk Siêu Nhẹ Mềm Mịn, Co Giãn Tốt, Vận Động Thoải Mái",151.000 ₫,https://tiki.vn/combo-5-quan-dui-nam-tap-gym-quan-short-the-thao-vai-thun-vnxk-sieu-nhe-mem-min-co-gian-tot-van-dong-thoai-mai-p119295772.html?spid=119295776
Quần Short Nam Big Size Quần Sọt Nam Thể Thao Cotton 4 Chiều Quần Đùi Nam Trên 100Kg Quần Thun Nam Cao Cấp Giá Tốt Wsb1 - Shopn6 (Sọc Ngẫu Nhiên),59.000 ₫,https://tiki.vn/quan-short-nam-big-size-quan-sot-nam-the-thao-cotton-4-chieu-quan-dui-nam-tren-100kg-quan-thun-nam-cao-cap-gia-tot-wsb1-shopn6-soc-ngau-nhien-p95054251.html?spid=95054253
Puma - Quần Thể Thao Nam Bmw M Motorsport T7 Track 597992-01,799.000 ₫,https://tiki.vn/puma-quan-the-thao-nam-bmw-m-motorsport-t7-track-597992-01-p81923636.html?spid=81923640
Quần Sweatpants ( Jogger Nỉ Ống Bom ) Kiểu Dáng Unisex Nam Nữ,180.000 ₫,https://tiki.vn/quan-sweatpants-jogger-ni-ong-bom-kieu-dang-unisex-nam-nu-p132894787.html?spid=132894899
"Set 4 Chiếc Quần Đùi Nam Thể Thao Sport Ngắn Vải Thun Poly 2 Da Thoáng Mát, Quần Short Nam Co Giãn 4 Chiều Thoải Mái",490.000 ₫,https://tiki.vn/set-4-chiec-quan-dui-nam-the-thao-sport-ngan-vai-thun-poly-2-da-thoang-mat-quan-short-nam-co-gian-4-chieu-thoai-mai-p162389118.html?spid=162389120
Quần Nam Basic Trơn Màu Bo Gấu Phong Cách Trẻ Trung Thời Trang Zenkonu Quan Nam 1000087V1,79.000 ₫,https://tiki.vn/quan-nam-basic-tron-mau-bo-gau-phong-cach-tre-trung-thoi-trang-zenkonu-quan-nam-1000087v1-p111665049.html?spid=111666718
Quần Nam Basic Bo Gấu Túi Hộp In Họa Tiết Chữ Phong Cách Cá Tính Thời Trang Zenkonu Quan Nam 1000084V2,80.100 ₫,https://tiki.vn/quan-nam-basic-bo-gau-tui-hop-in-hoa-tiet-chu-phong-cach-ca-tinh-thoi-trang-zenkonu-quan-nam-1000084v2-p111663663.html?spid=111663916
Quần Ngủ Nam Sexy Ln056,71.000 ₫,https://tiki.vn/quan-ngu-nam-sexy-ln056-p99944615.html?spid=99944631
Title,Price,Link
Quần Nam Ống Rộng Lưng Thun Bản Lớn Chất Liệu Đũi Cao Cấp 123,129.000 ₫,https://tiki.vn/quan-nam-ong-rong-lung-thun-ban-lon-chat-lieu-dui-cao-cap-123-p20124280.html?spid=133931886
Quần Đùi In Gấu Cực Hot - Form Unisex Freesize 38-70Kg Nam Nữ,49.000 ₫,https://tiki.vn/quan-dui-in-gau-cuc-hot-form-unisex-freesize-38-70kg-nam-nu-p111036352.html?spid=111036384
Quần Jogger Kaki Nam Túi Hộp New Arrival 04,79.000 ₫,https://tiki.vn/quan-jogger-kaki-nam-tui-hop-new-arrival-04-p21971799.html?spid=145884327
Quần Short Nam Big Size Quần Sọt Nam Thể Thao Quần Đùi Nam Mặc Nhà Quần Thun Nam Cotton 4 Chiều Co Giãn Cao Cấp Shopn6 - Tsb2,69.000 ₫,https://tiki.vn/quan-short-nam-big-size-quan-sot-nam-the-thao-quan-dui-nam-mac-nha-quan-thun-nam-cotton-4-chieu-co-gian-cao-cap-shopn6-tsb2-p104904605.html?spid=104904619
"Quần Short Nam Trắng Trơn Chất Bò Co Dãn Julido, Dáng Đứng Form Đẹp Mẫu Mới Kk04",139.000 ₫,https://tiki.vn/quan-short-nam-trang-tron-chat-bo-co-dan-julido-dang-dung-form-dep-mau-moi-kk04-p62325784.html?spid=62325790
"Quần Thể Thao Ống Rộng,Quần Jogger,Quần Thể Thao Nam Ống Rộng,Quần Thể Thao Nữ Rộng Unisex Qt1",117.000 ₫,https://tiki.vn/quan-the-thao-ong-rong-quan-jogger-quan-the-thao-nam-ong-rong-quan-the-thao-nu-rong-unisex-qt1-p71979929.html?spid=102269045
Quần Tây Âu Màu Trơn Cho Nam,79.000 ₫,https://tiki.vn/quan-tay-au-mau-tron-cho-nam-p24864749.html?spid=75790826
"[Hàng Xịn ] Quần Âu Nam, Quần Tây Nam Chất Vải Chéo Cao Cấp  , Kiểu Dáng Sang Trọng ,Sang Trọng Qn01",249.000 ₫,https://tiki.vn/hang-xin-quan-au-nam-quan-tay-nam-chat-vai-cheo-cao-cap-co-gian-duong-may-chuan-kieu-dang-sang-trong-lich-lam-p146935717.html?spid=168842205
Quần Short Nam The 1992 Cartoon Quần Đùi Nam Mặc Nhà,64.000 ₫,https://tiki.vn/quan-short-nam-the-1992-cartoon-quan-dui-nam-mac-nha-p126923426.html?spid=126923462
Quần Jogger Nam Chất Kaki Ống Bó Kiểu Dáng Thể Thao,84.000 ₫,https://tiki.vn/quan-jogger-nam-chat-kaki-ong-bo-kieu-dang-the-thao-p22543488.html?spid=22543490
Quần Jogger Nỉ Nam Ống Rộng Có Dây Rút 2 Màu Đen Trắng Hot Frend Hàn Quốc Chất Vải Nỉ Dày Dặn Bao Đẹp,95.000 ₫,https://tiki.vn/quan-jogger-ni-nam-ong-rong-co-day-rut-2-mau-den-trang-hot-frend-han-quoc-chat-vai-ni-day-dan-bao-dep-p143877415.html?spid=143877727
"Quần Tây Âu Nam Vải Đẹp Dành Cho Học Sinh, Sinh Viên, Văn Phòng Phong Cách Hàn Quốc",120.000 ₫,https://tiki.vn/quan-tay-au-nam-vai-dep-co-gian-danh-cho-hoc-sinh-sinh-vien-van-phong-phong-cach-han-quoc-p36336583.html?spid=36336591
Quần Đùi Nam Thể Thao 3 Gạch Vải U Mì,66.000 ₫,https://tiki.vn/quan-dui-nam-the-thao-3-gach-vai-u-mi-p160562001.html?spid=160562007
Quần Thể Thao Nam Tinofun Mã Tt57 Thể Dục Jogger Kiểu Thun Trơn Bó Ống Đẹp Dài Co Giãn Mùa Hè Thu,93.000 ₫,https://tiki.vn/quan-the-thao-nam-tinofun-ma-tt57-the-duc-jogger-kieu-thun-tron-bo-ong-dep-dai-co-gian-mua-he-thu-p72641169.html?spid=77030042
"Quần Thể Thao Nam -Quần Jogger Nam Chất Umi Mặc Nhẹ, Thoải Mái",79.000 ₫,https://tiki.vn/quan-the-thao-nam-quan-jogger-nam-chat-umi-loai-1-da-p144463220.html?spid=155042193
Quần Ngủ Nam Thun Lạnh Mỏng Thoáng Mát Qc134,85.000 ₫,https://tiki.vn/quan-ngu-nam-thun-lanh-mong-thoang-mat-qc134-p87473769.html?spid=87475092
Quần Âu Nam Vải Vinteck Cao Cấp . Quần Âu Nam Giá Rẻ,89.000 ₫,https://tiki.vn/quan-au-nam-vai-vinteck-cao-cap-quan-au-nam-gia-re-p129560770.html?spid=129560815
Quần 3 Sọc Suôn Unisex Nam Nữ Vải Nỉ Cotton Cao Cấp Form Đẹp - 3 Line Striped Pants,55.000 ₫,https://tiki.vn/quan-3-soc-suon-unisex-nam-nu-vai-ni-cotton-cao-cap-form-dep-3-line-striped-pants-p42279960.html?spid=107462296
Quần Đùi Short Nam Biluxury  (5Qdgt002  )Vải Gió Mềm Trẻ Trung Thoải Mái Vận Động Hàng Chính Hãng Cao Cấp Biluxury,129.000 ₫,https://tiki.vn/quan-dui-short-nam-biluxury-vai-gio-mem-tre-trung-thoai-mai-van-dong-5qdgt002-p161905926.html?spid=161905928
Combo 4 Quần Đùi Nam Thể Thao Vải Gió Quần Short Nam Mặc Mùa Hè Thoáng Mát Micado,219.000 ₫,https://tiki.vn/combo-4-quan-dui-nam-the-thao-vai-gio-quan-short-nam-mac-mua-he-thoang-mat-micado-p114196469.html?spid=114196471
Quần Dài Jogger Nam Phối Sọc 1041_Xanh,129.000 ₫,https://tiki.vn/quan-dai-jogger-nam-phoi-soc-1041_xanh-p4426117.html?spid=4426121
"Quần Short Thể Thao Nam Dáng Lửng, Quần Đùi Nam Mặc Nhà Chất Vải Mềm Mịn Mặc Chuẩn Form Không Bai Xù 5 Màu Thời Trang",64.000 ₫,https://tiki.vn/quan-short-the-thao-nam-dang-lung-quan-dui-nam-mac-nha-chat-vai-mem-min-mac-chuan-form-khong-bai-xu-5-mau-thoi-trang-p85911763.html?spid=121173500
Quần Baggy Jean Nam Ống Rộng Trr001 +Tặng 1Áo Phông Unisex Bất Ky Tri Ân Khách Hàng,219.000 ₫,https://tiki.vn/quan-baggy-jean-nam-ong-rong-trr001-tang-1ao-phong-unisex-bat-ky-tri-an-khach-hang-p110750760.html?spid=110750804
"Quần Jogger Nam Goking, Lưng Thun Và Dây Rút Phù Hợp Mọi Dáng Người",213.000 ₫,https://tiki.vn/quan-jogger-nam-goking-lung-thun-va-day-rut-phu-hop-moi-dang-nguoi-p54443879.html?spid=54443883
Quần Short Dù Gió Hahaman Thể Thao Co Giãn Cao Cấp Qd0026,45.000 ₫,https://tiki.vn/quan-short-du-gio-hahaman-the-thao-co-gian-cao-cap-qd0026-p94589749.html?spid=94589759
Jg001 - Quần Jogger Kaki Túi Hộp,153.000 ₫,https://tiki.vn/jg001-quan-jogger-kaki-tui-hop-p162147865.html?spid=162147986
"(Sale 30%) Quần Âu Đen Fom Hàn Quốc , Chất Vải Co Giãn Nhẹ Siêu Hách Dáng , Chuẩn Phom Hàn Quốc , Giá Hạt Rẻ,",129.000 ₫,https://tiki.vn/sale-30-quan-au-den-fom-han-quoc-chat-vai-co-gian-nhe-sieu-hach-dang-chuan-phom-han-quoc-gia-hat-re-p150184942.html?spid=150184967
Có Bigsize - Quần Đùi Nam Thể Thao Tập Gym Mặc Nhà Nhiều Size,55.000 ₫,https://tiki.vn/co-bigsize-quan-dui-nam-the-thao-tap-gym-mac-nha-nhieu-size-p143418230.html?spid=155156954
"Quần Dài Túi Hộp Nam Nữ E'Mer , Quần Suông Ống Rộng Kaki Form Rộng Unisex",179.000 ₫,https://tiki.vn/quan-dai-tui-hop-nam-nu-e-mer-quan-suong-ong-rong-kaki-form-rong-unisex-p124944273.html?spid=124944289
Quần Thể Thao Nam Jogger Kaki Mã Tt33 Thô Túi Hộp Kiểu Bó Ống Hàn Quốc Chất Vải Đẹp Ống Dài,79.000 ₫,https://tiki.vn/quan-the-thao-nam-jogger-kaki-ma-tt33-tho-tui-hop-kieu-bo-ong-han-quoc-chat-vai-dep-ong-dai-p74238547.html?spid=145879193
"Quần Tây Nam Chất Vải Dày Dặn Co Giãn Nhẹ, Quần Âu Dạng Ống Côn, Nhiều Màu - Nh Shop",49.000 ₫,https://tiki.vn/quan-tay-nam-chat-vai-day-dan-co-gian-nhe-quan-au-dang-ong-con-nhieu-mau-nh-shop-p105259468.html?spid=158800185
Quần Gió Nam Sport Ống Buông,49.000 ₫,https://tiki.vn/quan-gio-nam-sport-ong-buong-p67676968.html?spid=158791047
Quần Giữ Nhiệt Nam Lót Nỉ,65.000 ₫,https://tiki.vn/quan-giu-nhiet-nam-lot-ni-p143864819.html?spid=143864867
"Quần Âu Nam Đen Vải Chéo Loại Đẹp,Quần Tây Nam Co Dãn Không Nhăn Dáng Hàn Quốc",84.000 ₫,https://tiki.vn/quan-au-nam-den-vai-cheo-loai-dep-quan-tay-nam-co-dan-khong-nhan-dang-han-quoc-p67903869.html?spid=74603952
Quần Jogger Nam Cao Cấp Tr230Kk Đen,230.000 ₫,https://tiki.vn/quan-jogger-nam-cao-cap-tr230kk-den-p153469570.html?spid=153469572
"Quần Tây Nam Công Sở Cao Cấp Akuba Form Regular, Co Giãn Nhẹ, Chất Liệu Mềm Mịn ,Thoáng Mát Thấm Hút Mồ Hôi Tốt 01T0039",249.000 ₫,https://tiki.vn/quan-tay-nam-cong-so-cao-cap-akuba-form-regular-co-gian-nhe-chat-lieu-mem-min-thoang-mat-tham-hut-mo-hoi-tot-01t0039-p125068679.html?spid=125068699
Quần Jogger\Quần Nỉ Ống Rộng Bo Chân Nam Nữ Unisex Hiphop Ulzzang Kun,99.000 ₫,https://tiki.vn/quan-jogger-quan-ni-ong-rong-bo-chan-nam-nu-unisex-hiphop-ulzzang-kun-p137670041.html?spid=147328100
Quần Baggy Nam - Quần Âu Skinny,180.000 ₫,https://tiki.vn/quan-baggy-nam-quan-au-skinny-p89244604.html?spid=89244649
Title,Price,Link
Quần Short Tây Nam Vải Âu,102.000 ₫,https://tiki.vn/quan-short-tay-nam-vai-au-p52189027.html?spid=52189029
Quần Jogger Ống Rộng Wind Unisex Bó Chun Dây Rút Basic Track Pants Nam Nữ Oversize,130.000 ₫,https://tiki.vn/quan-jogger-ong-rong-wind-unisex-bo-chun-day-rut-basic-track-pants-nam-nu-oversize-p154367082.html?spid=154367092
Quần Short Nam Big Size Quần Sọt Nam Thể Thao Chống Nóng Quần Đùi Nam Mặc Nhà Quần Thun Nam Cotton 4 Chiều Co Giãn Cao Cấp Wsb2,59.000 ₫,https://tiki.vn/quan-short-nam-big-size-quan-sot-nam-the-thao-chong-nong-quan-dui-nam-mac-nha-quan-thun-nam-cotton-4-chieu-co-gian-cao-cap-wsb2-p95052893.html?spid=95052895
Quần Nam Kaki Basic Dáng Baggy Trơn Màu Phong Cách Trẻ Trung Thời Trang Zenkonu Quan Nam 1000060V1,39.000 ₫,https://tiki.vn/quan-nam-kaki-basic-dang-baggy-tron-mau-phong-cach-tre-trung-thoi-trang-zenkonu-quan-nam-1000060v1-p111670297.html?spid=158796957
"Quần Đùi Nam Chất Vải Cotton Thoáng Mát,Quần Short Nam 5 Màu Form Dáng Cực Đẹp",39.000 ₫,https://tiki.vn/quan-dui-nam-chat-vai-cotton-thoang-mat-quan-short-nam-5-mau-form-dang-cuc-dep-p98165465.html?spid=158800705
"Quần Dài Thể Thao Nam, Jogger 3 Sọc Ống Bo Có Khóa Túi Size Đại Hơn 80Kg",49.700 ₫,https://tiki.vn/quan-dai-the-thao-nam-jogger-3-soc-ong-bo-co-khoa-tui-size-dai-hon-80kg-p67488235.html?spid=70806709
Quần Đùi Ngủ  Nam Kate Cao Cấp Mặc Nhà,59.000 ₫,https://tiki.vn/quan-dui-ngu-nam-kate-cao-cap-mac-nha-p144171958.html?spid=144172000
"Combo 2 QuầN ĐùI Nam, QuầN Short Gió Nam Thể Thao Họa Tiết Rằn Ri Trẻ Trung Năng ĐộNg, ThoáNg MáT Co GiãN 4 ChiềU Mrm Manlywear",249.000 ₫,https://tiki.vn/combo-2-qua-n-du-i-nam-qua-n-short-gio-nam-the-thao-hoa-tiet-ran-ri-tre-trung-nang-do-ng-thoa-ng-ma-t-co-gia-n-4-chie-u-mrm-manlywear-p154298071.html?spid=154298076
"Combo 4 Quần Đùi Nam Thể Thao Sport Ngắn Vải Thun Poly 2 Da Thoáng Mát, Chất Liệu Hút Ẩm, Độ Co Giãn Tốt",490.000 ₫,https://tiki.vn/combo-4-quan-dui-nam-the-thao-sport-ngan-vai-thun-poly-2-da-thoang-mat-chat-lieu-hut-am-do-co-gian-tot-p98942159.html?spid=98942161
Quần Short Dù Gió Hahaman Thể Thao Co Giãn Cao Cấp Qd0025,45.000 ₫,https://tiki.vn/quan-short-du-gio-hahaman-the-thao-co-gian-cao-cap-qd0025-p93206501.html?spid=93206517
"Quần Đùi Thái, Quần Nam Mặc Ở Nhà",26.000 ₫,https://tiki.vn/quan-dui-thai-quan-nam-mac-o-nha-p67294320.html?spid=165701462
"Quần Đùi Nam Mặc Ngủ King168, Chất Đũi Chính Phẩm Mặc Mát Mẫu Top1",39.000 ₫,https://tiki.vn/quan-dui-nam-mac-ngu-king168-chat-dui-chinh-pham-mac-mat-mau-top1-p104165242.html?spid=158800821
"Combo 2 Quần Đùi Nam May 10 Phiên Bản Có Túi 2 Bên, Màu Ngẫu Nhiên",119.000 ₫,https://tiki.vn/combo-2-quan-dui-nam-may-10-phien-ban-co-tui-2-ben-mau-ngau-nhien-p107801368.html?spid=107801370
Jogger Nỉ The 1992 Quần Thể Thao Nam Basic 3 Màu,85.000 ₫,https://tiki.vn/jogger-ni-the-1992-quan-the-thao-nam-basic-3-mau-p128873441.html?spid=128873449
"Quần Short Gió Nam  (4 Màu) Vải Mềm, Siêu Nhẹ, Dáng Thể Thao",45.000 ₫,https://tiki.vn/quan-short-gio-nam-4-mau-vai-mem-sieu-nhe-dang-the-thao-p103382821.html?spid=109854383
"Quần Short Nam Chất Gió Co Giãn Thoáng Mát,Quần Đùi Nam 4 Màu Mặc Nhà Năng Động",90.000 ₫,https://tiki.vn/quan-short-nam-chat-gio-co-gian-thoang-mat-quan-dui-nam-4-mau-mac-nha-nang-dong-p104740815.html?spid=145781471
Quần Short Ngủ 100% Cotton Thoáng Mát Qs181,78.000 ₫,https://tiki.vn/quan-short-ngu-100-cotton-thoang-mat-qs181-p87480507.html?spid=87482133
Quần Đùi Thun Thể Thao Nam Mát Lạnh Cao Cấp,129.000 ₫,https://tiki.vn/quan-dui-thun-the-thao-nam-mat-lanh-cao-cap-p53789518.html?spid=145781567
Quần Short Đũi Nam Phối Màu Phong Cách Hàn Quốc Sq502,119.000 ₫,https://tiki.vn/quan-short-dui-nam-phoi-mau-phong-cach-han-quoc-sq502-p34327056.html?spid=34327058
Quần Short Thể Thao Nam Hahaman Co Giãn Cao Cấp Hahaqs01,42.000 ₫,https://tiki.vn/quan-short-the-thao-nam-hahaman-co-gian-cao-cap-hahaqs01-p84737582.html?spid=84737602
Quần Dài Thun Jogger Nam Bo Lưng Thun Phúc An 1042,91.000 ₫,https://tiki.vn/quan-dai-thun-jogger-nam-bo-lung-thun-phuc-an-1042-p18012630.html?spid=18012636
Quần Đùi Nam Vải Gió Siêu Nhẹ Thể Thao Co Giãn Tốt Loại Quần Đùi Mặc Nhà Thể Thao Đi Chơi Điều Được Qdg,36.900 ₫,https://tiki.vn/quan-dui-nam-vai-gio-sieu-nhe-the-thao-co-gian-tot-loai-quan-dui-mac-nha-the-thao-di-choi-dieu-duoc-qdg-p109505656.html?spid=142251251
Quần Nam Quần Đũi Dài Nam Ống Suông Form Slimfit Dáng Âu,79.000 ₫,https://tiki.vn/quan-nam-quan-dui-dai-nam-ong-suong-form-slimfit-dang-au-p118900531.html?spid=118900535
"Quần Đùi Nam Chất Vải Đũi Thái Thoáng Mát,Quần Short 3 Màu Mùa Hè Năng Động",39.000 ₫,https://tiki.vn/quan-dui-nam-chat-vai-dui-thai-thoang-mat-quan-short-3-mau-mua-he-nang-dong-p98179140.html?spid=158799086
Quần Nỉ Lót Lông Nam,150.000 ₫,https://tiki.vn/quan-ni-lot-long-nam-p118330109.html?spid=138893239
Quần Jogger Jean Nam Co Giãn Bo Gấu Năng Động - Qjgpb,220.000 ₫,https://tiki.vn/quan-jogger-jean-nam-co-gian-bo-gau-nang-dong-qjgpb-p155920946.html?spid=155921022
"Quần Tây Nam - Quần Âu Nam Size 45-70Kg, Dáng Slimfit Không Đường Ly Cao Cấp",253.000 ₫,https://tiki.vn/quan-tay-nam-quan-au-nam-size-45-70kg-dang-slimfit-khong-duong-ly-cao-cap-p157086106.html?spid=157086134
Quần Jogger Kaki Nam Chất Mát - Rằn Ri T06,70.800 ₫,https://tiki.vn/quan-jogger-kaki-nam-chat-mat-ran-ri-t06-p6982965.html?spid=48749005
Combo 3 Quần Đùi Nam,167.500 ₫,https://tiki.vn/combo-3-quan-dui-nam-p32404446.html?spid=58173818
Quần Short Thun Nam Màu Đen Everest,38.000 ₫,https://tiki.vn/quan-short-thun-nam-mau-den-everest-p75587619.html?spid=75587621
Quần Short Nam Kaki Đen Trơn Vải Mềm Vải Đẹp Loại Quần Kaki Hàn Quốc,79.000 ₫,https://tiki.vn/quan-short-nam-kaki-den-tron-vai-mem-vai-dep-loai-quan-kaki-han-quoc-p76697031.html?spid=76697286
Quần Dài Thể Thao Nam Jogger 3 Sọc Ống Bo Trẻ Trung Năng Động Micado,79.000 ₫,https://tiki.vn/quan-dai-the-thao-nam-jogger-3-soc-ong-bo-tre-trung-nang-dong-micado-p114193983.html?spid=114193985
"Quần Short, Quần Đùi Nam Thun Thể Thao Form Rộng Co Dãn 4 Chiều Thoáng Mát Cao Cấp Thương Hiệu Big Sport",98.000 ₫,https://tiki.vn/quan-short-nam-the-thao-cao-cap-thuong-hieu-big-sport-p57043691.html?spid=57043701
Combo 2 Cái Quần Dài Jogger Nam Thun Cao Cấp Thời Trang - Tc04023,179.000 ₫,https://tiki.vn/combo-2-cai-quan-dai-jogger-nam-thun-cao-cap-thoi-trang-tc04023-p32722425.html?spid=133782277
"[Combo 4] Quần Short Nam Chạy Bộ, Quần Đùi Thể Thao Nam Có Dây Rút Cao Cấp Phong Cách Hàn Quốc Vải Mè Co Giãn",139.000 ₫,https://tiki.vn/combo-4-quan-short-nam-chay-bo-quan-dui-the-thao-nam-co-day-rut-cao-cap-phong-cach-han-quoc-vai-me-co-gian-p120293055.html?spid=158800896
"Quần Short Nam Mặc Ngủ Julido, Chất Đũi Mềm Chính Phẩm Mặc Mát Thoải Mái Mmo01",99.000 ₫,https://tiki.vn/quan-short-nam-mac-ngu-julido-chat-dui-mem-chinh-pham-mac-mat-thoai-mai-mmo01-p62354324.html?spid=62354326
"Quần Tây Âu Nam Co Giãn Nhẹ Dáng Ôm, Quần Nam Công Sở Lịch Sự Phù Hợp Mọi Hoàn Cảnh Thương Hiệu Chandi Mã Nt334",155.000 ₫,https://tiki.vn/quan-tay-au-nam-co-gian-nhe-dang-om-quan-nam-cong-so-lich-su-phu-hop-moi-hoan-canh-thuong-hieu-chandi-ma-nt334-p107186342.html?spid=107186370
Quần Nam Quần Đũi Dài Nam Ống Suông Form Slimfit Dáng Âu,49.000 ₫,https://tiki.vn/quan-nam-quan-dui-dai-nam-ong-suong-form-slimfit-dang-au-p122069743.html?spid=158794147
"Quần Short Gió Thể Thao Nam Takiha (Qd16) Trẻ Trung, Năng Động Thoải Mái",45.000 ₫,https://tiki.vn/quan-short-gio-the-thao-nam-takiha-qd16-tre-trung-nang-dong-thoai-mai-p99220822.html?spid=99220823
Title,Price,Link
